{
    "WaterBottle": {
        "grasp1": [
            [
                7.084934234619141,
                -1.2189998626708984,
                -0.48450660705566406
            ],
            [
                16.745134353637695,
                -27.33926010131836,
                -102.49540710449219
            ],
            [
                -14.584420204162598,
                -28.478309631347656,
                -127.81865692138672
            ],
            [
                -21.63875961303711,
                -23.644908905029297,
                -128.1703338623047
            ]
        ],
        "grasp2": [
            [
                -31.873586654663086,
                -7.008796691894531,
                -85.3040542602539
            ],
            [
                -17.459470748901367,
                12.360225677490234,
                -14.53649616241455
            ],
            [
                4.916577339172363,
                5.332218170166016,
                -0.48450422286987305
            ],
            [
                17.897586822509766,
                16.577037811279297,
                -19.286643981933594
            ]
        ],
        "grasp3": [
            [
                15.580799102783203,
                27.569271087646484,
                -134.09310913085938
            ],
            [
                15.539337158203125,
                -28.138416290283203,
                -39.525665283203125
            ],
            [
                10.375251770019531,
                -16.301639556884766,
                -12.941030502319336
            ],
            [
                6.513378143310547,
                -3.122425079345703,
                -0.48450469970703125
            ]
        ],
        "grasp4": [
            [
                15.002580642700195,
                27.050996780395508,
                -193.85638427734375
            ],
            [
                18.0714054107666,
                25.884845733642578,
                -142.47457885742188
            ],
            [
                -23.161041259765625,
                21.776012420654297,
                -143.19737243652344
            ],
            [
                -30.480810165405273,
                -9.84050178527832,
                -133.78369140625
            ]
        ],
        "grasp5": [
            [
                -17.233041763305664,
                27.454849243164063,
                -96.60151672363281
            ],
            [
                16.140199661254883,
                -28.206247329711914,
                -58.290279388427734
            ],
            [
                14.09976577758789,
                -25.16592788696289,
                -27.279842376708984
            ],
            [
                5.82861328125,
                -23.356548309326172,
                -18.39826202392578
            ]
        ],
        "grasp6": [
            [
                -30.385658264160156,
                -9.91761302947998,
                -138.76942443847656
            ],
            [
                10.76555061340332,
                -29.33681297302246,
                -193.75001525878906
            ],
            [
                27.702051162719727,
                -14.165467262268066,
                -193.75
            ],
            [
                30.861867904663086,
                -5.805441856384277,
                -172.20150756835938
            ]
        ]
    },
    "apple": {
        "grasp1": [
            [
                -21.63875961303711,
                -23.644908905029297,
                -128.1703338623047
            ],
            [
                -21.63875961303711,
                -23.644908905029297,
                -128.1703338623047
            ],
            [
                -21.63875961303711,
                -23.644908905029297,
                -128.1703338623047
            ],
            [
                -21.63875961303711,
                -23.644908905029297,
                -128.1703338623047
            ]
        ],
        "grasp2": [
            [
                28.427898406982422,
                -23.407136917114258,
                14.569955825805664
            ],
            [
                -32.99958038330078,
                -9.225587844848633,
                60.19456481933594
            ],
            [
                -35.52978515625,
                -3.3706283569335938,
                31.08327865600586
            ],
            [
                -28.191997528076172,
                9.748997688293457,
                63.88499450683594
            ]
        ],
        "grasp3": [
            [
                25.678213119506836,
                -22.685104370117188,
                65.02540588378906
            ],
            [
                16.80423927307129,
                29.413494110107422,
                27.43115997314453
            ],
            [
                -8.231857299804688,
                24.033916473388672,
                9.922917366027832
            ],
            [
                -16.93866729736328,
                19.32819938659668,
                7.944382667541504
            ]
        ],
        "grasp4": [
            [
                22.886615753173828,
                26.831680297851563,
                48.34724044799805
            ],
            [
                -28.667316436767578,
                15.136098861694336,
                59.410858154296875
            ],
            [
                -32.89116668701172,
                -12.542125701904297,
                58.953880310058594
            ],
            [
                -30.389888763427734,
                -21.963653564453125,
                56.501686096191406
            ]
        ],
        "grasp5": [
            [
                23.621990203857422,
                -6.730000019073486,
                70.94100952148438
            ],
            [
                30.986963272094727,
                -7.194459915161133,
                66.09886169433594
            ],
            [
                -18.958778381347656,
                -25.470123291015625,
                9.055631637573242
            ],
            [
                -25.143009185791016,
                -5.138000965118408,
                5.032005310058594
            ]
        ],
        "grasp6": [
            [
                29.333223342895508,
                18.760215759277344,
                22.852407455444336
            ],
            [
                9.410094261169434,
                -29.21276092529297,
                4.253498077392578
            ],
            [
                -14.925620079040527,
                -32.97551727294922,
                16.628448486328125
            ],
            [
                -22.42946434020996,
                -29.670909881591797,
                22.7792911529541
            ]
        ],
        "grasp7": [
            [
                35.35456085205078,
                -3.3589229583740234,
                18.101224899291992
            ],
            [
                13.604459762573242,
                -27.63152313232422,
                68.33317565917969
            ],
            [
                -18.58768081665039,
                -24.588388442993164,
                67.39640808105469
            ],
            [
                -28.143510818481445,
                -17.398113250732422,
                64.09664916992188
            ]
        ]
    }
}
